name,position,chain,aa,Region,scheme,hit/miss
consensus_K,1 ,K,-,FR1,martin,0.0
consensus_K,2 ,K,-,FR1,martin,0.0
consensus_K,3 ,K,-,FR1,martin,0.0
consensus_K,4 ,K,-,FR1,martin,0.0
consensus_K,5 ,K,T,FR1,martin,0.0
consensus_K,6 ,K,Q,FR1,martin,0.0
consensus_K,7 ,K,S,FR1,martin,0.0
consensus_K,8 ,K,P,FR1,martin,0.0
consensus_K,9 ,K,-,FR1,martin,0.0
consensus_K,10 ,K,-,FR1,martin,0.0
consensus_K,11 ,K,-,FR1,martin,0.0
consensus_K,12 ,K,-,FR1,martin,0.0
consensus_K,13 ,K,V,FR1,martin,0.0
consensus_K,14 ,K,-,FR1,martin,0.0
consensus_K,15 ,K,-,FR1,martin,0.0
consensus_K,16 ,K,G,FR1,martin,0.0
consensus_K,17 ,K,-,FR1,martin,0.0
consensus_K,18 ,K,-,FR1,martin,0.0
consensus_K,19 ,K,-,FR1,martin,0.0
consensus_K,20 ,K,T,FR1,martin,0.0
consensus_K,21 ,K,-,FR1,martin,0.0
consensus_K,22 ,K,-,FR1,martin,0.0
consensus_K,23 ,K,C,FR1,martin,0.0
consensus_K,24 ,K,T,FR1,martin,0.0
consensus_K,25 ,K,-,FR1,martin,0.0
consensus_K,26 ,K,S,FR1,martin,0.0
consensus_K,27 ,K,-,FR1,martin,0.0
consensus_K,28 ,K,S,FR1,martin,0.0
consensus_K,29 ,K,-,FR1,martin,0.0
consensus_K,36 ,K,Y,FR2,martin,0.0
consensus_K,37 ,K,-,FR2,martin,0.0
consensus_K,38 ,K,Q,FR2,martin,0.0
consensus_K,39 ,K,K,FR2,martin,0.0
consensus_K,40 ,K,P,FR2,martin,0.0
consensus_K,41 ,K,G,FR2,martin,0.0
consensus_K,42 ,K,Q,FR2,martin,0.0
consensus_K,43 ,K,-,FR2,martin,0.0
consensus_K,44 ,K,P,FR2,martin,0.0
consensus_K,45 ,K,K,FR2,martin,0.0
consensus_K,46 ,K,-,FR2,martin,0.0
consensus_K,56 ,K,S,FR3,martin,0.0
consensus_K,57 ,K,G,FR3,martin,0.0
consensus_K,58 ,K,V,FR3,martin,0.0
consensus_K,59 ,K,-,FR3,martin,0.0
consensus_K,60 ,K,-,FR3,martin,0.0
consensus_K,61 ,K,R,FR3,martin,0.0
consensus_K,62 ,K,Y,FR3,martin,0.0
consensus_K,63 ,K,-,FR3,martin,0.0
consensus_K,64 ,K,G,FR3,martin,0.0
consensus_K,65 ,K,S,FR3,martin,0.0
consensus_K,66 ,K,G,FR3,martin,0.0
consensus_K,67 ,K,S,FR3,martin,0.0
consensus_K,68 ,K,G,FR3,martin,0.0
consensus_K,69 ,K,T,FR3,martin,0.0
consensus_K,70 ,K,-,FR3,martin,0.0
consensus_K,71 ,K,-,FR3,martin,0.0
consensus_K,72 ,K,T,FR3,martin,0.0
consensus_K,72A,K,-,FR3,martin,0.0
consensus_K,72B,K,-,FR3,martin,0.0
consensus_K,72C,K,-,FR3,martin,0.0
consensus_K,73 ,K,L,FR3,martin,0.0
consensus_K,74 ,K,T,FR3,martin,0.0
consensus_K,75 ,K,I,FR3,martin,0.0
consensus_K,76 ,K,S,FR3,martin,0.0
consensus_K,77 ,K,S,FR3,martin,0.0
consensus_K,78 ,K,-,FR3,martin,0.0
consensus_K,79 ,K,Q,FR3,martin,0.0
consensus_K,80 ,K,-,FR3,martin,0.0
consensus_K,81 ,K,E,FR3,martin,0.0
consensus_K,82 ,K,D,FR3,martin,0.0
consensus_K,83 ,K,-,FR3,martin,0.0
consensus_K,84 ,K,-,FR3,martin,0.0
consensus_K,85 ,K,-,FR3,martin,0.0
consensus_K,86 ,K,Y,FR3,martin,0.0
consensus_K,87 ,K,Y,FR3,martin,0.0
consensus_K,88 ,K,C,FR3,martin,0.0
consensus_K,89 ,K,-,FR3,martin,0.0
consensus_K,90 ,K,-,FR3,martin,0.0
consensus_K,91 ,K,-,FR3,martin,0.0
consensus_K,92 ,K,-,FR3,martin,0.0
consensus_K,93 ,K,-,FR3,martin,0.0
consensus_K,94 ,K,-,FR3,martin,0.0
consensus_K,98 ,K,F,FR4,martin,0.0
consensus_K,99 ,K,G,FR4,martin,0.0
consensus_K,100 ,K,Q,FR4,martin,0.0
consensus_K,101 ,K,G,FR4,martin,0.0
consensus_K,102 ,K,T,FR4,martin,0.0
consensus_K,103 ,K,K,FR4,martin,0.0
consensus_K,104 ,K,L,FR4,martin,0.0
consensus_K,105 ,K,-,FR4,martin,0.0
consensus_K,106 ,K,-,FR4,martin,0.0
consensus_K,107 ,K,K,FR4,martin,0.0
consensus_K,108 ,K,-,FR4,martin,0.0
consensus_K,109 ,K,-,FR4,martin,0.0
consensus_K,110 ,K,-,FR4,martin,0.0
consensus_K,111 ,K,-,FR4,martin,0.0
consensus_K,112 ,K,-,FR4,martin,0.0
consensus_K,113 ,K,-,FR4,martin,0.0
