name,position,chain,aa,Region,reference,Score
WNV_5D4_pBG945_WT,1 ,H,E,DIFF0,diff_H,-3
WNV_5D4_pBG945_WT,2 ,H,V,DIFF0,diff_H,-3
WNV_5D4_pBG945_WT,3 ,H,K,DIFF0,diff_H,-3
WNV_5D4_pBG945_WT,4 ,H,L,DIFF0,diff_H,-3
WNV_5D4_pBG945_WT,5 ,H,K,DIFF0,diff_H,-3
WNV_5D4_pBG945_WT,6 ,H,Q,DIFF0,diff_H,-3
WNV_5D4_pBG945_WT,7 ,H,S,DIFF0,diff_H,-3
WNV_5D4_pBG945_WT,8 ,H,G,DIFF0,diff_H,-3
WNV_5D4_pBG945_WT,9 ,H,A,DIFF?,diff_H,-3
WNV_5D4_pBG945_WT,10 ,H,D,DIFF0,diff_H,-3
WNV_5D4_pBG945_WT,11 ,H,L,DIFF0,diff_H,-3
WNV_5D4_pBG945_WT,12 ,H,V,DIFF-,diff_H,-3
WNV_5D4_pBG945_WT,13 ,H,R,DIFF0,diff_H,-3
WNV_5D4_pBG945_WT,14 ,H,P,DIFF0,diff_H,-3
WNV_5D4_pBG945_WT,15 ,H,G,DIFF0,diff_H,-3
WNV_5D4_pBG945_WT,16 ,H,A,DIFF0,diff_H,-3
WNV_5D4_pBG945_WT,17 ,H,S,DIFF-,diff_H,-3
WNV_5D4_pBG945_WT,18 ,H,V,DIFF0,diff_H,-3
WNV_5D4_pBG945_WT,19 ,H,T,DIFF0,diff_H,-3
WNV_5D4_pBG945_WT,20 ,H,L,DIFF0,diff_H,-3
WNV_5D4_pBG945_WT,21 ,H,S,DIFF-,diff_H,-3
WNV_5D4_pBG945_WT,22 ,H,C,DIFF0,diff_H,-3
WNV_5D4_pBG945_WT,23 ,H,K,DIFF0,diff_H,-3
WNV_5D4_pBG945_WT,24 ,H,A,DIFF0,diff_H,-3
WNV_5D4_pBG945_WT,25 ,H,S,DIFF0,diff_H,-3
WNV_5D4_pBG945_WT,26 ,H,G,DIFF0,diff_H,-3
WNV_5D4_pBG945_WT,27 ,H,Y,DIFF?,diff_H,-3
WNV_5D4_pBG945_WT,28 ,H,T,DIFF0,diff_H,-3
WNV_5D4_pBG945_WT,29 ,H,F,DIFF0,diff_H,-3
WNV_5D4_pBG945_WT,36 ,H,W,DIFF0,diff_H,-3
WNV_5D4_pBG945_WT,37 ,H,V,DIFF0,diff_H,-3
WNV_5D4_pBG945_WT,38 ,H,K,DIFF0,diff_H,-3
WNV_5D4_pBG945_WT,39 ,H,Q,DIFF0,diff_H,-3
WNV_5D4_pBG945_WT,40 ,H,T,DIFF?,diff_H,-3
WNV_5D4_pBG945_WT,41 ,H,P,DIFF0,diff_H,-3
WNV_5D4_pBG945_WT,42 ,H,V,DIFF0,diff_H,-3
WNV_5D4_pBG945_WT,43 ,H,H,DIFF0,diff_H,-3
WNV_5D4_pBG945_WT,44 ,H,G,DIFF-,diff_H,-3
WNV_5D4_pBG945_WT,45 ,H,L,DIFF0,diff_H,-3
WNV_5D4_pBG945_WT,46 ,H,E,DIFF0,diff_H,-3
WNV_5D4_pBG945_WT,56 ,H,D,DIFF0,diff_H,-3
WNV_5D4_pBG945_WT,57 ,H,T,DIFF0,diff_H,-3
WNV_5D4_pBG945_WT,58 ,H,A,DIFF0,diff_H,-3
WNV_5D4_pBG945_WT,59 ,H,Y,DIFF0,diff_H,-3
WNV_5D4_pBG945_WT,60 ,H,N,DIFF0,diff_H,-3
WNV_5D4_pBG945_WT,61 ,H,Q,DIFF0,diff_H,-3
WNV_5D4_pBG945_WT,62 ,H,K,DIFF0,diff_H,-3
WNV_5D4_pBG945_WT,63 ,H,F,DIFF0,diff_H,-3
WNV_5D4_pBG945_WT,64 ,H,K,DIFF+,diff_H,-3
WNV_5D4_pBG945_WT,65 ,H,G,DIFF0,diff_H,-3
WNV_5D4_pBG945_WT,66 ,H,K,DIFF0,diff_H,-3
WNV_5D4_pBG945_WT,67 ,H,A,DIFF0,diff_H,-3
WNV_5D4_pBG945_WT,68 ,H,I,DIFF0,diff_H,-3
WNV_5D4_pBG945_WT,69 ,H,L,DIFF0,diff_H,-3
WNV_5D4_pBG945_WT,70 ,H,T,DIFF0,diff_H,-3
WNV_5D4_pBG945_WT,71 ,H,A,DIFF+,diff_H,-3
WNV_5D4_pBG945_WT,72 ,H,D,DIFF0,diff_H,-3
WNV_5D4_pBG945_WT,72A,H,K,DIFF0,diff_H,-3
WNV_5D4_pBG945_WT,72B,H,S,DIFF0,diff_H,-3
WNV_5D4_pBG945_WT,72C,H,S,DIFF0,diff_H,-3
WNV_5D4_pBG945_WT,73 ,H,S,DIFF0,diff_H,-3
WNV_5D4_pBG945_WT,74 ,H,T,DIFF0,diff_H,-3
WNV_5D4_pBG945_WT,75 ,H,A,DIFF0,diff_H,-3
WNV_5D4_pBG945_WT,76 ,H,Y,DIFF0,diff_H,-3
WNV_5D4_pBG945_WT,77 ,H,M,DIFF0,diff_H,-3
WNV_5D4_pBG945_WT,78 ,H,E,DIFF0,diff_H,-3
WNV_5D4_pBG945_WT,79 ,H,L,DIFF?,diff_H,-3
WNV_5D4_pBG945_WT,80 ,H,R,DIFF0,diff_H,-3
WNV_5D4_pBG945_WT,81 ,H,S,DIFF0,diff_H,-3
WNV_5D4_pBG945_WT,82 ,H,L,DIFF0,diff_H,-3
WNV_5D4_pBG945_WT,83 ,H,T,DIFF0,diff_H,-3
WNV_5D4_pBG945_WT,84 ,H,S,DIFF0,diff_H,-3
WNV_5D4_pBG945_WT,85 ,H,E,DIFF-,diff_H,-3
WNV_5D4_pBG945_WT,86 ,H,D,DIFF0,diff_H,-3
WNV_5D4_pBG945_WT,87 ,H,S,DIFF0,diff_H,-3
WNV_5D4_pBG945_WT,88 ,H,A,DIFF0,diff_H,-3
WNV_5D4_pBG945_WT,89 ,H,V,DIFF?,diff_H,-3
WNV_5D4_pBG945_WT,90 ,H,Y,DIFF0,diff_H,-3
WNV_5D4_pBG945_WT,91 ,H,Y,DIFF0,diff_H,-3
WNV_5D4_pBG945_WT,92 ,H,C,DIFF0,diff_H,-3
WNV_5D4_pBG945_WT,93 ,H,T,DIFF0,diff_H,-3
WNV_5D4_pBG945_WT,94 ,H,N,DIFF0,diff_H,-3
WNV_5D4_pBG945_WT,98 ,H,-,DIFF0,diff_H,-3
WNV_5D4_pBG945_WT,99 ,H,-,DIFF0,diff_H,-3
WNV_5D4_pBG945_WT,100 ,H,-,DIFF0,diff_H,-3
WNV_5D4_pBG945_WT,101 ,H,D,DIFF0,diff_H,-3
WNV_5D4_pBG945_WT,102 ,H,Y,DIFF0,diff_H,-3
WNV_5D4_pBG945_WT,103 ,H,W,DIFF0,diff_H,-3
WNV_5D4_pBG945_WT,104 ,H,G,DIFF0,diff_H,-3
WNV_5D4_pBG945_WT,105 ,H,Q,DIFF0,diff_H,-3
WNV_5D4_pBG945_WT,106 ,H,G,DIFF0,diff_H,-3
WNV_5D4_pBG945_WT,107 ,H,T,DIFF0,diff_H,-3
WNV_5D4_pBG945_WT,108 ,H,T,DIFF?,diff_H,-3
WNV_5D4_pBG945_WT,109 ,H,L,DIFF0,diff_H,-3
WNV_5D4_pBG945_WT,110 ,H,T,DIFF0,diff_H,-3
WNV_5D4_pBG945_WT,111 ,H,V,DIFF0,diff_H,-3
WNV_5D4_pBG945_WT,112 ,H,S,DIFF0,diff_H,-3
WNV_5D4_pBG945_WT,113 ,H,S,DIFF0,diff_H,-3
WNV_5D4_pBG946_D1,1 ,H,T,DIFF0,diff_H,2
WNV_5D4_pBG946_D1,2 ,H,K,DIFF0,diff_H,2
WNV_5D4_pBG946_D1,3 ,H,S,DIFF0,diff_H,2
WNV_5D4_pBG946_D1,4 ,H,L,DIFF0,diff_H,2
WNV_5D4_pBG946_D1,5 ,H,T,DIFF0,diff_H,2
WNV_5D4_pBG946_D1,6 ,H,Q,DIFF0,diff_H,2
WNV_5D4_pBG946_D1,7 ,H,S,DIFF0,diff_H,2
WNV_5D4_pBG946_D1,8 ,H,G,DIFF0,diff_H,2
WNV_5D4_pBG946_D1,9 ,H,P,DIFF?,diff_H,2
WNV_5D4_pBG946_D1,10 ,H,T,DIFF0,diff_H,2
WNV_5D4_pBG946_D1,11 ,H,V,DIFF0,diff_H,2
WNV_5D4_pBG946_D1,12 ,H,V,DIFF-,diff_H,2
WNV_5D4_pBG946_D1,13 ,H,K,DIFF0,diff_H,2
WNV_5D4_pBG946_D1,14 ,H,P,DIFF0,diff_H,2
WNV_5D4_pBG946_D1,15 ,H,G,DIFF0,diff_H,2
WNV_5D4_pBG946_D1,16 ,H,S,DIFF0,diff_H,2
WNV_5D4_pBG946_D1,17 ,H,T,DIFF+,diff_H,2
WNV_5D4_pBG946_D1,18 ,H,V,DIFF0,diff_H,2
WNV_5D4_pBG946_D1,19 ,H,T,DIFF0,diff_H,2
WNV_5D4_pBG946_D1,20 ,H,L,DIFF0,diff_H,2
WNV_5D4_pBG946_D1,21 ,H,T,DIFF?,diff_H,2
WNV_5D4_pBG946_D1,22 ,H,C,DIFF0,diff_H,2
WNV_5D4_pBG946_D1,23 ,H,K,DIFF0,diff_H,2
WNV_5D4_pBG946_D1,24 ,H,G,DIFF0,diff_H,2
WNV_5D4_pBG946_D1,25 ,H,S,DIFF0,diff_H,2
WNV_5D4_pBG946_D1,26 ,H,G,DIFF0,diff_H,2
WNV_5D4_pBG946_D1,27 ,H,F,DIFF+,diff_H,2
WNV_5D4_pBG946_D1,28 ,H,T,DIFF0,diff_H,2
WNV_5D4_pBG946_D1,29 ,H,F,DIFF0,diff_H,2
WNV_5D4_pBG946_D1,36 ,H,W,DIFF0,diff_H,2
WNV_5D4_pBG946_D1,37 ,H,V,DIFF0,diff_H,2
WNV_5D4_pBG946_D1,38 ,H,K,DIFF0,diff_H,2
WNV_5D4_pBG946_D1,39 ,H,Y,DIFF0,diff_H,2
WNV_5D4_pBG946_D1,40 ,H,T,DIFF?,diff_H,2
WNV_5D4_pBG946_D1,41 ,H,P,DIFF0,diff_H,2
WNV_5D4_pBG946_D1,42 ,H,E,DIFF0,diff_H,2
WNV_5D4_pBG946_D1,43 ,H,K,DIFF0,diff_H,2
WNV_5D4_pBG946_D1,44 ,H,G,DIFF-,diff_H,2
WNV_5D4_pBG946_D1,45 ,H,L,DIFF0,diff_H,2
WNV_5D4_pBG946_D1,46 ,H,E,DIFF0,diff_H,2
WNV_5D4_pBG946_D1,56 ,H,D,DIFF0,diff_H,2
WNV_5D4_pBG946_D1,57 ,H,T,DIFF0,diff_H,2
WNV_5D4_pBG946_D1,58 ,H,A,DIFF0,diff_H,2
WNV_5D4_pBG946_D1,59 ,H,Y,DIFF0,diff_H,2
WNV_5D4_pBG946_D1,60 ,H,N,DIFF0,diff_H,2
WNV_5D4_pBG946_D1,61 ,H,P,DIFF0,diff_H,2
WNV_5D4_pBG946_D1,62 ,H,A,DIFF0,diff_H,2
WNV_5D4_pBG946_D1,63 ,H,Y,DIFF0,diff_H,2
WNV_5D4_pBG946_D1,64 ,H,Q,DIFF?,diff_H,2
WNV_5D4_pBG946_D1,65 ,H,G,DIFF0,diff_H,2
WNV_5D4_pBG946_D1,66 ,H,R,DIFF0,diff_H,2
WNV_5D4_pBG946_D1,67 ,H,A,DIFF0,diff_H,2
WNV_5D4_pBG946_D1,68 ,H,T,DIFF0,diff_H,2
WNV_5D4_pBG946_D1,69 ,H,L,DIFF0,diff_H,2
WNV_5D4_pBG946_D1,70 ,H,S,DIFF0,diff_H,2
WNV_5D4_pBG946_D1,71 ,H,A,DIFF+,diff_H,2
WNV_5D4_pBG946_D1,72 ,H,D,DIFF0,diff_H,2
WNV_5D4_pBG946_D1,72A,H,K,DIFF0,diff_H,2
WNV_5D4_pBG946_D1,72B,H,A,DIFF0,diff_H,2
WNV_5D4_pBG946_D1,72C,H,N,DIFF0,diff_H,2
WNV_5D4_pBG946_D1,73 ,H,S,DIFF0,diff_H,2
WNV_5D4_pBG946_D1,74 ,H,T,DIFF0,diff_H,2
WNV_5D4_pBG946_D1,75 ,H,A,DIFF0,diff_H,2
WNV_5D4_pBG946_D1,76 ,H,Y,DIFF0,diff_H,2
WNV_5D4_pBG946_D1,77 ,H,L,DIFF0,diff_H,2
WNV_5D4_pBG946_D1,78 ,H,T,DIFF0,diff_H,2
WNV_5D4_pBG946_D1,79 ,H,L,DIFF?,diff_H,2
WNV_5D4_pBG946_D1,80 ,H,H,DIFF0,diff_H,2
WNV_5D4_pBG946_D1,81 ,H,N,DIFF0,diff_H,2
WNV_5D4_pBG946_D1,82 ,H,L,DIFF0,diff_H,2
WNV_5D4_pBG946_D1,83 ,H,T,DIFF0,diff_H,2
WNV_5D4_pBG946_D1,84 ,H,E,DIFF0,diff_H,2
WNV_5D4_pBG946_D1,85 ,H,A,DIFF?,diff_H,2
WNV_5D4_pBG946_D1,86 ,H,D,DIFF0,diff_H,2
WNV_5D4_pBG946_D1,87 ,H,T,DIFF0,diff_H,2
WNV_5D4_pBG946_D1,88 ,H,A,DIFF0,diff_H,2
WNV_5D4_pBG946_D1,89 ,H,T,DIFF+,diff_H,2
WNV_5D4_pBG946_D1,90 ,H,Y,DIFF0,diff_H,2
WNV_5D4_pBG946_D1,91 ,H,Y,DIFF0,diff_H,2
WNV_5D4_pBG946_D1,92 ,H,C,DIFF0,diff_H,2
WNV_5D4_pBG946_D1,93 ,H,T,DIFF0,diff_H,2
WNV_5D4_pBG946_D1,94 ,H,N,DIFF0,diff_H,2
WNV_5D4_pBG946_D1,98 ,H,-,DIFF0,diff_H,2
WNV_5D4_pBG946_D1,99 ,H,-,DIFF0,diff_H,2
WNV_5D4_pBG946_D1,100 ,H,-,DIFF0,diff_H,2
WNV_5D4_pBG946_D1,101 ,H,D,DIFF0,diff_H,2
WNV_5D4_pBG946_D1,102 ,H,Y,DIFF0,diff_H,2
WNV_5D4_pBG946_D1,103 ,H,F,DIFF0,diff_H,2
WNV_5D4_pBG946_D1,104 ,H,G,DIFF0,diff_H,2
WNV_5D4_pBG946_D1,105 ,H,Q,DIFF0,diff_H,2
WNV_5D4_pBG946_D1,106 ,H,G,DIFF0,diff_H,2
WNV_5D4_pBG946_D1,107 ,H,V,DIFF0,diff_H,2
WNV_5D4_pBG946_D1,108 ,H,D,DIFF?,diff_H,2
WNV_5D4_pBG946_D1,109 ,H,L,DIFF0,diff_H,2
WNV_5D4_pBG946_D1,110 ,H,T,DIFF0,diff_H,2
WNV_5D4_pBG946_D1,111 ,H,V,DIFF0,diff_H,2
WNV_5D4_pBG946_D1,112 ,H,-,DIFF0,diff_H,2
WNV_5D4_pBG946_D1,113 ,H,-,DIFF0,diff_H,2
WNV_5D4_pBG947_D2,1 ,H,E,DIFF0,diff_H,-1
WNV_5D4_pBG947_D2,2 ,H,K,DIFF0,diff_H,-1
WNV_5D4_pBG947_D2,3 ,H,Q,DIFF0,diff_H,-1
WNV_5D4_pBG947_D2,4 ,H,L,DIFF0,diff_H,-1
WNV_5D4_pBG947_D2,5 ,H,T,DIFF0,diff_H,-1
WNV_5D4_pBG947_D2,6 ,H,Q,DIFF0,diff_H,-1
WNV_5D4_pBG947_D2,7 ,H,S,DIFF0,diff_H,-1
WNV_5D4_pBG947_D2,8 ,H,G,DIFF0,diff_H,-1
WNV_5D4_pBG947_D2,9 ,H,P,DIFF?,diff_H,-1
WNV_5D4_pBG947_D2,10 ,H,T,DIFF0,diff_H,-1
WNV_5D4_pBG947_D2,11 ,H,E,DIFF0,diff_H,-1
WNV_5D4_pBG947_D2,12 ,H,V,DIFF-,diff_H,-1
WNV_5D4_pBG947_D2,13 ,H,A,DIFF0,diff_H,-1
WNV_5D4_pBG947_D2,14 ,H,A,DIFF0,diff_H,-1
WNV_5D4_pBG947_D2,15 ,H,G,DIFF0,diff_H,-1
WNV_5D4_pBG947_D2,16 ,H,E,DIFF0,diff_H,-1
WNV_5D4_pBG947_D2,17 ,H,D,DIFF?,diff_H,-1
WNV_5D4_pBG947_D2,18 ,H,V,DIFF0,diff_H,-1
WNV_5D4_pBG947_D2,19 ,H,T,DIFF0,diff_H,-1
WNV_5D4_pBG947_D2,20 ,H,L,DIFF0,diff_H,-1
WNV_5D4_pBG947_D2,21 ,H,S,DIFF-,diff_H,-1
WNV_5D4_pBG947_D2,22 ,H,C,DIFF0,diff_H,-1
WNV_5D4_pBG947_D2,23 ,H,K,DIFF0,diff_H,-1
WNV_5D4_pBG947_D2,24 ,H,A,DIFF0,diff_H,-1
WNV_5D4_pBG947_D2,25 ,H,S,DIFF0,diff_H,-1
WNV_5D4_pBG947_D2,26 ,H,G,DIFF0,diff_H,-1
WNV_5D4_pBG947_D2,27 ,H,F,DIFF+,diff_H,-1
WNV_5D4_pBG947_D2,28 ,H,T,DIFF0,diff_H,-1
WNV_5D4_pBG947_D2,29 ,H,F,DIFF0,diff_H,-1
WNV_5D4_pBG947_D2,36 ,H,W,DIFF0,diff_H,-1
WNV_5D4_pBG947_D2,37 ,H,V,DIFF0,diff_H,-1
WNV_5D4_pBG947_D2,38 ,H,K,DIFF0,diff_H,-1
WNV_5D4_pBG947_D2,39 ,H,Q,DIFF0,diff_H,-1
WNV_5D4_pBG947_D2,40 ,H,T,DIFF?,diff_H,-1
WNV_5D4_pBG947_D2,41 ,H,P,DIFF0,diff_H,-1
WNV_5D4_pBG947_D2,42 ,H,E,DIFF0,diff_H,-1
WNV_5D4_pBG947_D2,43 ,H,K,DIFF0,diff_H,-1
WNV_5D4_pBG947_D2,44 ,H,G,DIFF-,diff_H,-1
WNV_5D4_pBG947_D2,45 ,H,L,DIFF0,diff_H,-1
WNV_5D4_pBG947_D2,46 ,H,E,DIFF0,diff_H,-1
WNV_5D4_pBG947_D2,56 ,H,D,DIFF0,diff_H,-1
WNV_5D4_pBG947_D2,57 ,H,T,DIFF0,diff_H,-1
WNV_5D4_pBG947_D2,58 ,H,A,DIFF0,diff_H,-1
WNV_5D4_pBG947_D2,59 ,H,Y,DIFF0,diff_H,-1
WNV_5D4_pBG947_D2,60 ,H,N,DIFF0,diff_H,-1
WNV_5D4_pBG947_D2,61 ,H,P,DIFF0,diff_H,-1
WNV_5D4_pBG947_D2,62 ,H,K,DIFF0,diff_H,-1
WNV_5D4_pBG947_D2,63 ,H,Y,DIFF0,diff_H,-1
WNV_5D4_pBG947_D2,64 ,H,Q,DIFF?,diff_H,-1
WNV_5D4_pBG947_D2,65 ,H,G,DIFF0,diff_H,-1
WNV_5D4_pBG947_D2,66 ,H,R,DIFF0,diff_H,-1
WNV_5D4_pBG947_D2,67 ,H,A,DIFF0,diff_H,-1
WNV_5D4_pBG947_D2,68 ,H,E,DIFF0,diff_H,-1
WNV_5D4_pBG947_D2,69 ,H,L,DIFF0,diff_H,-1
WNV_5D4_pBG947_D2,70 ,H,S,DIFF0,diff_H,-1
WNV_5D4_pBG947_D2,71 ,H,A,DIFF+,diff_H,-1
WNV_5D4_pBG947_D2,72 ,H,D,DIFF0,diff_H,-1
WNV_5D4_pBG947_D2,72A,H,K,DIFF0,diff_H,-1
WNV_5D4_pBG947_D2,72B,H,A,DIFF0,diff_H,-1
WNV_5D4_pBG947_D2,72C,H,T,DIFF0,diff_H,-1
WNV_5D4_pBG947_D2,73 ,H,S,DIFF0,diff_H,-1
WNV_5D4_pBG947_D2,74 ,H,T,DIFF0,diff_H,-1
WNV_5D4_pBG947_D2,75 ,H,A,DIFF0,diff_H,-1
WNV_5D4_pBG947_D2,76 ,H,Y,DIFF0,diff_H,-1
WNV_5D4_pBG947_D2,77 ,H,L,DIFF0,diff_H,-1
WNV_5D4_pBG947_D2,78 ,H,T,DIFF0,diff_H,-1
WNV_5D4_pBG947_D2,79 ,H,L,DIFF?,diff_H,-1
WNV_5D4_pBG947_D2,80 ,H,K,DIFF0,diff_H,-1
WNV_5D4_pBG947_D2,81 ,H,N,DIFF0,diff_H,-1
WNV_5D4_pBG947_D2,82 ,H,L,DIFF0,diff_H,-1
WNV_5D4_pBG947_D2,83 ,H,T,DIFF0,diff_H,-1
WNV_5D4_pBG947_D2,84 ,H,K,DIFF0,diff_H,-1
WNV_5D4_pBG947_D2,85 ,H,S,DIFF?,diff_H,-1
WNV_5D4_pBG947_D2,86 ,H,D,DIFF0,diff_H,-1
WNV_5D4_pBG947_D2,87 ,H,T,DIFF0,diff_H,-1
WNV_5D4_pBG947_D2,88 ,H,A,DIFF0,diff_H,-1
WNV_5D4_pBG947_D2,89 ,H,V,DIFF?,diff_H,-1
WNV_5D4_pBG947_D2,90 ,H,Y,DIFF0,diff_H,-1
WNV_5D4_pBG947_D2,91 ,H,Y,DIFF0,diff_H,-1
WNV_5D4_pBG947_D2,92 ,H,C,DIFF0,diff_H,-1
WNV_5D4_pBG947_D2,93 ,H,T,DIFF0,diff_H,-1
WNV_5D4_pBG947_D2,94 ,H,N,DIFF0,diff_H,-1
WNV_5D4_pBG947_D2,98 ,H,-,DIFF0,diff_H,-1
WNV_5D4_pBG947_D2,99 ,H,-,DIFF0,diff_H,-1
WNV_5D4_pBG947_D2,100 ,H,-,DIFF0,diff_H,-1
WNV_5D4_pBG947_D2,101 ,H,D,DIFF0,diff_H,-1
WNV_5D4_pBG947_D2,102 ,H,Y,DIFF0,diff_H,-1
WNV_5D4_pBG947_D2,103 ,H,W,DIFF0,diff_H,-1
WNV_5D4_pBG947_D2,104 ,H,G,DIFF0,diff_H,-1
WNV_5D4_pBG947_D2,105 ,H,Q,DIFF0,diff_H,-1
WNV_5D4_pBG947_D2,106 ,H,G,DIFF0,diff_H,-1
WNV_5D4_pBG947_D2,107 ,H,V,DIFF0,diff_H,-1
WNV_5D4_pBG947_D2,108 ,H,T,DIFF?,diff_H,-1
WNV_5D4_pBG947_D2,109 ,H,L,DIFF0,diff_H,-1
WNV_5D4_pBG947_D2,110 ,H,T,DIFF0,diff_H,-1
WNV_5D4_pBG947_D2,111 ,H,V,DIFF0,diff_H,-1
WNV_5D4_pBG947_D2,112 ,H,A,DIFF0,diff_H,-1
WNV_5D4_pBG947_D2,113 ,H,-,DIFF0,diff_H,-1
WNV_5D4_pBG948_D3,1 ,H,K,DIFF0,diff_H,-2
WNV_5D4_pBG948_D3,2 ,H,K,DIFF0,diff_H,-2
WNV_5D4_pBG948_D3,3 ,H,S,DIFF0,diff_H,-2
WNV_5D4_pBG948_D3,4 ,H,L,DIFF0,diff_H,-2
WNV_5D4_pBG948_D3,5 ,H,V,DIFF0,diff_H,-2
WNV_5D4_pBG948_D3,6 ,H,Q,DIFF0,diff_H,-2
WNV_5D4_pBG948_D3,7 ,H,S,DIFF0,diff_H,-2
WNV_5D4_pBG948_D3,8 ,H,G,DIFF0,diff_H,-2
WNV_5D4_pBG948_D3,9 ,H,P,DIFF?,diff_H,-2
WNV_5D4_pBG948_D3,10 ,H,T,DIFF0,diff_H,-2
WNV_5D4_pBG948_D3,11 ,H,T,DIFF0,diff_H,-2
WNV_5D4_pBG948_D3,12 ,H,V,DIFF-,diff_H,-2
WNV_5D4_pBG948_D3,13 ,H,A,DIFF0,diff_H,-2
WNV_5D4_pBG948_D3,14 ,H,P,DIFF0,diff_H,-2
WNV_5D4_pBG948_D3,15 ,H,G,DIFF0,diff_H,-2
WNV_5D4_pBG948_D3,16 ,H,S,DIFF0,diff_H,-2
WNV_5D4_pBG948_D3,17 ,H,S,DIFF-,diff_H,-2
WNV_5D4_pBG948_D3,18 ,H,V,DIFF0,diff_H,-2
WNV_5D4_pBG948_D3,19 ,H,T,DIFF0,diff_H,-2
WNV_5D4_pBG948_D3,20 ,H,L,DIFF0,diff_H,-2
WNV_5D4_pBG948_D3,21 ,H,S,DIFF-,diff_H,-2
WNV_5D4_pBG948_D3,22 ,H,C,DIFF0,diff_H,-2
WNV_5D4_pBG948_D3,23 ,H,K,DIFF0,diff_H,-2
WNV_5D4_pBG948_D3,24 ,H,A,DIFF0,diff_H,-2
WNV_5D4_pBG948_D3,25 ,H,S,DIFF0,diff_H,-2
WNV_5D4_pBG948_D3,26 ,H,G,DIFF0,diff_H,-2
WNV_5D4_pBG948_D3,27 ,H,F,DIFF+,diff_H,-2
WNV_5D4_pBG948_D3,28 ,H,T,DIFF0,diff_H,-2
WNV_5D4_pBG948_D3,29 ,H,F,DIFF0,diff_H,-2
WNV_5D4_pBG948_D3,36 ,H,W,DIFF0,diff_H,-2
WNV_5D4_pBG948_D3,37 ,H,V,DIFF0,diff_H,-2
WNV_5D4_pBG948_D3,38 ,H,K,DIFF0,diff_H,-2
WNV_5D4_pBG948_D3,39 ,H,Q,DIFF0,diff_H,-2
WNV_5D4_pBG948_D3,40 ,H,T,DIFF?,diff_H,-2
WNV_5D4_pBG948_D3,41 ,H,P,DIFF0,diff_H,-2
WNV_5D4_pBG948_D3,42 ,H,E,DIFF0,diff_H,-2
WNV_5D4_pBG948_D3,43 ,H,T,DIFF0,diff_H,-2
WNV_5D4_pBG948_D3,44 ,H,G,DIFF-,diff_H,-2
WNV_5D4_pBG948_D3,45 ,H,L,DIFF0,diff_H,-2
WNV_5D4_pBG948_D3,46 ,H,E,DIFF0,diff_H,-2
WNV_5D4_pBG948_D3,56 ,H,D,DIFF0,diff_H,-2
WNV_5D4_pBG948_D3,57 ,H,T,DIFF0,diff_H,-2
WNV_5D4_pBG948_D3,58 ,H,A,DIFF0,diff_H,-2
WNV_5D4_pBG948_D3,59 ,H,Y,DIFF0,diff_H,-2
WNV_5D4_pBG948_D3,60 ,H,N,DIFF0,diff_H,-2
WNV_5D4_pBG948_D3,61 ,H,P,DIFF0,diff_H,-2
WNV_5D4_pBG948_D3,62 ,H,K,DIFF0,diff_H,-2
WNV_5D4_pBG948_D3,63 ,H,Y,DIFF0,diff_H,-2
WNV_5D4_pBG948_D3,64 ,H,V,DIFF?,diff_H,-2
WNV_5D4_pBG948_D3,65 ,H,G,DIFF0,diff_H,-2
WNV_5D4_pBG948_D3,66 ,H,R,DIFF0,diff_H,-2
WNV_5D4_pBG948_D3,67 ,H,A,DIFF0,diff_H,-2
WNV_5D4_pBG948_D3,68 ,H,T,DIFF0,diff_H,-2
WNV_5D4_pBG948_D3,69 ,H,L,DIFF0,diff_H,-2
WNV_5D4_pBG948_D3,70 ,H,S,DIFF0,diff_H,-2
WNV_5D4_pBG948_D3,71 ,H,A,DIFF+,diff_H,-2
WNV_5D4_pBG948_D3,72 ,H,D,DIFF0,diff_H,-2
WNV_5D4_pBG948_D3,72A,H,K,DIFF0,diff_H,-2
WNV_5D4_pBG948_D3,72B,H,A,DIFF0,diff_H,-2
WNV_5D4_pBG948_D3,72C,H,K,DIFF0,diff_H,-2
WNV_5D4_pBG948_D3,73 ,H,S,DIFF0,diff_H,-2
WNV_5D4_pBG948_D3,74 ,H,T,DIFF0,diff_H,-2
WNV_5D4_pBG948_D3,75 ,H,A,DIFF0,diff_H,-2
WNV_5D4_pBG948_D3,76 ,H,Y,DIFF0,diff_H,-2
WNV_5D4_pBG948_D3,77 ,H,L,DIFF0,diff_H,-2
WNV_5D4_pBG948_D3,78 ,H,T,DIFF0,diff_H,-2
WNV_5D4_pBG948_D3,79 ,H,L,DIFF?,diff_H,-2
WNV_5D4_pBG948_D3,80 ,H,H,DIFF0,diff_H,-2
WNV_5D4_pBG948_D3,81 ,H,D,DIFF0,diff_H,-2
WNV_5D4_pBG948_D3,82 ,H,L,DIFF0,diff_H,-2
WNV_5D4_pBG948_D3,83 ,H,T,DIFF0,diff_H,-2
WNV_5D4_pBG948_D3,84 ,H,P,DIFF0,diff_H,-2
WNV_5D4_pBG948_D3,85 ,H,A,DIFF?,diff_H,-2
WNV_5D4_pBG948_D3,86 ,H,D,DIFF0,diff_H,-2
WNV_5D4_pBG948_D3,87 ,H,T,DIFF0,diff_H,-2
WNV_5D4_pBG948_D3,88 ,H,A,DIFF0,diff_H,-2
WNV_5D4_pBG948_D3,89 ,H,V,DIFF?,diff_H,-2
WNV_5D4_pBG948_D3,90 ,H,Y,DIFF0,diff_H,-2
WNV_5D4_pBG948_D3,91 ,H,Y,DIFF0,diff_H,-2
WNV_5D4_pBG948_D3,92 ,H,C,DIFF0,diff_H,-2
WNV_5D4_pBG948_D3,93 ,H,T,DIFF0,diff_H,-2
WNV_5D4_pBG948_D3,94 ,H,N,DIFF0,diff_H,-2
WNV_5D4_pBG948_D3,98 ,H,-,DIFF0,diff_H,-2
WNV_5D4_pBG948_D3,99 ,H,-,DIFF0,diff_H,-2
WNV_5D4_pBG948_D3,100 ,H,-,DIFF0,diff_H,-2
WNV_5D4_pBG948_D3,101 ,H,D,DIFF0,diff_H,-2
WNV_5D4_pBG948_D3,102 ,H,Y,DIFF0,diff_H,-2
WNV_5D4_pBG948_D3,103 ,H,F,DIFF0,diff_H,-2
WNV_5D4_pBG948_D3,104 ,H,G,DIFF0,diff_H,-2
WNV_5D4_pBG948_D3,105 ,H,E,DIFF0,diff_H,-2
WNV_5D4_pBG948_D3,106 ,H,G,DIFF0,diff_H,-2
WNV_5D4_pBG948_D3,107 ,H,V,DIFF0,diff_H,-2
WNV_5D4_pBG948_D3,108 ,H,L,DIFF?,diff_H,-2
WNV_5D4_pBG948_D3,109 ,H,L,DIFF0,diff_H,-2
WNV_5D4_pBG948_D3,110 ,H,T,DIFF0,diff_H,-2
WNV_5D4_pBG948_D3,111 ,H,V,DIFF0,diff_H,-2
WNV_5D4_pBG948_D3,112 ,H,-,DIFF0,diff_H,-2
WNV_5D4_pBG948_D3,113 ,H,-,DIFF0,diff_H,-2
WNV_5D4_pBG949_D4,1 ,H,T,DIFF0,diff_H,1
WNV_5D4_pBG949_D4,2 ,H,K,DIFF0,diff_H,1
WNV_5D4_pBG949_D4,3 ,H,S,DIFF0,diff_H,1
WNV_5D4_pBG949_D4,4 ,H,L,DIFF0,diff_H,1
WNV_5D4_pBG949_D4,5 ,H,T,DIFF0,diff_H,1
WNV_5D4_pBG949_D4,6 ,H,Q,DIFF0,diff_H,1
WNV_5D4_pBG949_D4,7 ,H,S,DIFF0,diff_H,1
WNV_5D4_pBG949_D4,8 ,H,G,DIFF0,diff_H,1
WNV_5D4_pBG949_D4,9 ,H,P,DIFF?,diff_H,1
WNV_5D4_pBG949_D4,10 ,H,E,DIFF0,diff_H,1
WNV_5D4_pBG949_D4,11 ,H,E,DIFF0,diff_H,1
WNV_5D4_pBG949_D4,12 ,H,V,DIFF-,diff_H,1
WNV_5D4_pBG949_D4,13 ,H,E,DIFF0,diff_H,1
WNV_5D4_pBG949_D4,14 ,H,P,DIFF0,diff_H,1
WNV_5D4_pBG949_D4,15 ,H,G,DIFF0,diff_H,1
WNV_5D4_pBG949_D4,16 ,H,A,DIFF0,diff_H,1
WNV_5D4_pBG949_D4,17 ,H,T,DIFF+,diff_H,1
WNV_5D4_pBG949_D4,18 ,H,V,DIFF0,diff_H,1
WNV_5D4_pBG949_D4,19 ,H,T,DIFF0,diff_H,1
WNV_5D4_pBG949_D4,20 ,H,L,DIFF0,diff_H,1
WNV_5D4_pBG949_D4,21 ,H,S,DIFF-,diff_H,1
WNV_5D4_pBG949_D4,22 ,H,C,DIFF0,diff_H,1
WNV_5D4_pBG949_D4,23 ,H,K,DIFF0,diff_H,1
WNV_5D4_pBG949_D4,24 ,H,A,DIFF0,diff_H,1
WNV_5D4_pBG949_D4,25 ,H,S,DIFF0,diff_H,1
WNV_5D4_pBG949_D4,26 ,H,G,DIFF0,diff_H,1
WNV_5D4_pBG949_D4,27 ,H,F,DIFF+,diff_H,1
WNV_5D4_pBG949_D4,28 ,H,T,DIFF0,diff_H,1
WNV_5D4_pBG949_D4,29 ,H,F,DIFF0,diff_H,1
WNV_5D4_pBG949_D4,36 ,H,W,DIFF0,diff_H,1
WNV_5D4_pBG949_D4,37 ,H,V,DIFF0,diff_H,1
WNV_5D4_pBG949_D4,38 ,H,K,DIFF0,diff_H,1
WNV_5D4_pBG949_D4,39 ,H,Y,DIFF0,diff_H,1
WNV_5D4_pBG949_D4,40 ,H,T,DIFF?,diff_H,1
WNV_5D4_pBG949_D4,41 ,H,P,DIFF0,diff_H,1
WNV_5D4_pBG949_D4,42 ,H,E,DIFF0,diff_H,1
WNV_5D4_pBG949_D4,43 ,H,T,DIFF0,diff_H,1
WNV_5D4_pBG949_D4,44 ,H,G,DIFF-,diff_H,1
WNV_5D4_pBG949_D4,45 ,H,L,DIFF0,diff_H,1
WNV_5D4_pBG949_D4,46 ,H,E,DIFF0,diff_H,1
WNV_5D4_pBG949_D4,56 ,H,D,DIFF0,diff_H,1
WNV_5D4_pBG949_D4,57 ,H,T,DIFF0,diff_H,1
WNV_5D4_pBG949_D4,58 ,H,A,DIFF0,diff_H,1
WNV_5D4_pBG949_D4,59 ,H,Y,DIFF0,diff_H,1
WNV_5D4_pBG949_D4,60 ,H,N,DIFF0,diff_H,1
WNV_5D4_pBG949_D4,61 ,H,P,DIFF0,diff_H,1
WNV_5D4_pBG949_D4,62 ,H,R,DIFF0,diff_H,1
WNV_5D4_pBG949_D4,63 ,H,Y,DIFF0,diff_H,1
WNV_5D4_pBG949_D4,64 ,H,V,DIFF?,diff_H,1
WNV_5D4_pBG949_D4,65 ,H,G,DIFF0,diff_H,1
WNV_5D4_pBG949_D4,66 ,H,R,DIFF0,diff_H,1
WNV_5D4_pBG949_D4,67 ,H,A,DIFF0,diff_H,1
WNV_5D4_pBG949_D4,68 ,H,E,DIFF0,diff_H,1
WNV_5D4_pBG949_D4,69 ,H,L,DIFF0,diff_H,1
WNV_5D4_pBG949_D4,70 ,H,S,DIFF0,diff_H,1
WNV_5D4_pBG949_D4,71 ,H,A,DIFF+,diff_H,1
WNV_5D4_pBG949_D4,72 ,H,D,DIFF0,diff_H,1
WNV_5D4_pBG949_D4,72A,H,K,DIFF0,diff_H,1
WNV_5D4_pBG949_D4,72B,H,A,DIFF0,diff_H,1
WNV_5D4_pBG949_D4,72C,H,K,DIFF0,diff_H,1
WNV_5D4_pBG949_D4,73 ,H,S,DIFF0,diff_H,1
WNV_5D4_pBG949_D4,74 ,H,T,DIFF0,diff_H,1
WNV_5D4_pBG949_D4,75 ,H,A,DIFF0,diff_H,1
WNV_5D4_pBG949_D4,76 ,H,Y,DIFF0,diff_H,1
WNV_5D4_pBG949_D4,77 ,H,L,DIFF0,diff_H,1
WNV_5D4_pBG949_D4,78 ,H,T,DIFF0,diff_H,1
WNV_5D4_pBG949_D4,79 ,H,L,DIFF?,diff_H,1
WNV_5D4_pBG949_D4,80 ,H,R,DIFF0,diff_H,1
WNV_5D4_pBG949_D4,81 ,H,D,DIFF0,diff_H,1
WNV_5D4_pBG949_D4,82 ,H,L,DIFF0,diff_H,1
WNV_5D4_pBG949_D4,83 ,H,T,DIFF0,diff_H,1
WNV_5D4_pBG949_D4,84 ,H,P,DIFF0,diff_H,1
WNV_5D4_pBG949_D4,85 ,H,A,DIFF?,diff_H,1
WNV_5D4_pBG949_D4,86 ,H,D,DIFF0,diff_H,1
WNV_5D4_pBG949_D4,87 ,H,T,DIFF0,diff_H,1
WNV_5D4_pBG949_D4,88 ,H,A,DIFF0,diff_H,1
WNV_5D4_pBG949_D4,89 ,H,V,DIFF?,diff_H,1
WNV_5D4_pBG949_D4,90 ,H,Y,DIFF0,diff_H,1
WNV_5D4_pBG949_D4,91 ,H,Y,DIFF0,diff_H,1
WNV_5D4_pBG949_D4,92 ,H,C,DIFF0,diff_H,1
WNV_5D4_pBG949_D4,93 ,H,T,DIFF0,diff_H,1
WNV_5D4_pBG949_D4,94 ,H,N,DIFF0,diff_H,1
WNV_5D4_pBG949_D4,98 ,H,-,DIFF0,diff_H,1
WNV_5D4_pBG949_D4,99 ,H,-,DIFF0,diff_H,1
WNV_5D4_pBG949_D4,100 ,H,-,DIFF0,diff_H,1
WNV_5D4_pBG949_D4,101 ,H,D,DIFF0,diff_H,1
WNV_5D4_pBG949_D4,102 ,H,Y,DIFF0,diff_H,1
WNV_5D4_pBG949_D4,103 ,H,F,DIFF0,diff_H,1
WNV_5D4_pBG949_D4,104 ,H,G,DIFF0,diff_H,1
WNV_5D4_pBG949_D4,105 ,H,Q,DIFF0,diff_H,1
WNV_5D4_pBG949_D4,106 ,H,G,DIFF0,diff_H,1
WNV_5D4_pBG949_D4,107 ,H,V,DIFF0,diff_H,1
WNV_5D4_pBG949_D4,108 ,H,K,DIFF+,diff_H,1
WNV_5D4_pBG949_D4,109 ,H,L,DIFF0,diff_H,1
WNV_5D4_pBG949_D4,110 ,H,T,DIFF0,diff_H,1
WNV_5D4_pBG949_D4,111 ,H,V,DIFF0,diff_H,1
WNV_5D4_pBG949_D4,112 ,H,-,DIFF0,diff_H,1
WNV_5D4_pBG949_D4,113 ,H,-,DIFF0,diff_H,1
WNV_5D4_pBG950_D5,1 ,H,K,DIFF0,diff_H,0
WNV_5D4_pBG950_D5,2 ,H,K,DIFF0,diff_H,0
WNV_5D4_pBG950_D5,3 ,H,T,DIFF0,diff_H,0
WNV_5D4_pBG950_D5,4 ,H,L,DIFF0,diff_H,0
WNV_5D4_pBG950_D5,5 ,H,T,DIFF0,diff_H,0
WNV_5D4_pBG950_D5,6 ,H,Q,DIFF0,diff_H,0
WNV_5D4_pBG950_D5,7 ,H,S,DIFF0,diff_H,0
WNV_5D4_pBG950_D5,8 ,H,G,DIFF0,diff_H,0
WNV_5D4_pBG950_D5,9 ,H,P,DIFF?,diff_H,0
WNV_5D4_pBG950_D5,10 ,H,T,DIFF0,diff_H,0
WNV_5D4_pBG950_D5,11 ,H,R,DIFF0,diff_H,0
WNV_5D4_pBG950_D5,12 ,H,V,DIFF-,diff_H,0
WNV_5D4_pBG950_D5,13 ,H,A,DIFF0,diff_H,0
WNV_5D4_pBG950_D5,14 ,H,P,DIFF0,diff_H,0
WNV_5D4_pBG950_D5,15 ,H,G,DIFF0,diff_H,0
WNV_5D4_pBG950_D5,16 ,H,E,DIFF0,diff_H,0
WNV_5D4_pBG950_D5,17 ,H,T,DIFF+,diff_H,0
WNV_5D4_pBG950_D5,18 ,H,V,DIFF0,diff_H,0
WNV_5D4_pBG950_D5,19 ,H,T,DIFF0,diff_H,0
WNV_5D4_pBG950_D5,20 ,H,L,DIFF0,diff_H,0
WNV_5D4_pBG950_D5,21 ,H,S,DIFF-,diff_H,0
WNV_5D4_pBG950_D5,22 ,H,C,DIFF0,diff_H,0
WNV_5D4_pBG950_D5,23 ,H,K,DIFF0,diff_H,0
WNV_5D4_pBG950_D5,24 ,H,A,DIFF0,diff_H,0
WNV_5D4_pBG950_D5,25 ,H,S,DIFF0,diff_H,0
WNV_5D4_pBG950_D5,26 ,H,G,DIFF0,diff_H,0
WNV_5D4_pBG950_D5,27 ,H,F,DIFF+,diff_H,0
WNV_5D4_pBG950_D5,28 ,H,T,DIFF0,diff_H,0
WNV_5D4_pBG950_D5,29 ,H,F,DIFF0,diff_H,0
WNV_5D4_pBG950_D5,36 ,H,W,DIFF0,diff_H,0
WNV_5D4_pBG950_D5,37 ,H,V,DIFF0,diff_H,0
WNV_5D4_pBG950_D5,38 ,H,K,DIFF0,diff_H,0
WNV_5D4_pBG950_D5,39 ,H,Y,DIFF0,diff_H,0
WNV_5D4_pBG950_D5,40 ,H,T,DIFF?,diff_H,0
WNV_5D4_pBG950_D5,41 ,H,P,DIFF0,diff_H,0
WNV_5D4_pBG950_D5,42 ,H,E,DIFF0,diff_H,0
WNV_5D4_pBG950_D5,43 ,H,T,DIFF0,diff_H,0
WNV_5D4_pBG950_D5,44 ,H,G,DIFF-,diff_H,0
WNV_5D4_pBG950_D5,45 ,H,L,DIFF0,diff_H,0
WNV_5D4_pBG950_D5,46 ,H,E,DIFF0,diff_H,0
WNV_5D4_pBG950_D5,56 ,H,D,DIFF0,diff_H,0
WNV_5D4_pBG950_D5,57 ,H,T,DIFF0,diff_H,0
WNV_5D4_pBG950_D5,58 ,H,A,DIFF0,diff_H,0
WNV_5D4_pBG950_D5,59 ,H,Y,DIFF0,diff_H,0
WNV_5D4_pBG950_D5,60 ,H,N,DIFF0,diff_H,0
WNV_5D4_pBG950_D5,61 ,H,P,DIFF0,diff_H,0
WNV_5D4_pBG950_D5,62 ,H,R,DIFF0,diff_H,0
WNV_5D4_pBG950_D5,63 ,H,Y,DIFF0,diff_H,0
WNV_5D4_pBG950_D5,64 ,H,V,DIFF?,diff_H,0
WNV_5D4_pBG950_D5,65 ,H,G,DIFF0,diff_H,0
WNV_5D4_pBG950_D5,66 ,H,R,DIFF0,diff_H,0
WNV_5D4_pBG950_D5,67 ,H,V,DIFF0,diff_H,0
WNV_5D4_pBG950_D5,68 ,H,T,DIFF0,diff_H,0
WNV_5D4_pBG950_D5,69 ,H,L,DIFF0,diff_H,0
WNV_5D4_pBG950_D5,70 ,H,S,DIFF0,diff_H,0
WNV_5D4_pBG950_D5,71 ,H,A,DIFF+,diff_H,0
WNV_5D4_pBG950_D5,72 ,H,D,DIFF0,diff_H,0
WNV_5D4_pBG950_D5,72A,H,K,DIFF0,diff_H,0
WNV_5D4_pBG950_D5,72B,H,A,DIFF0,diff_H,0
WNV_5D4_pBG950_D5,72C,H,K,DIFF0,diff_H,0
WNV_5D4_pBG950_D5,73 ,H,S,DIFF0,diff_H,0
WNV_5D4_pBG950_D5,74 ,H,T,DIFF0,diff_H,0
WNV_5D4_pBG950_D5,75 ,H,A,DIFF0,diff_H,0
WNV_5D4_pBG950_D5,76 ,H,Y,DIFF0,diff_H,0
WNV_5D4_pBG950_D5,77 ,H,M,DIFF0,diff_H,0
WNV_5D4_pBG950_D5,78 ,H,T,DIFF0,diff_H,0
WNV_5D4_pBG950_D5,79 ,H,L,DIFF?,diff_H,0
WNV_5D4_pBG950_D5,80 ,H,H,DIFF0,diff_H,0
WNV_5D4_pBG950_D5,81 ,H,D,DIFF0,diff_H,0
WNV_5D4_pBG950_D5,82 ,H,L,DIFF0,diff_H,0
WNV_5D4_pBG950_D5,83 ,H,T,DIFF0,diff_H,0
WNV_5D4_pBG950_D5,84 ,H,P,DIFF0,diff_H,0
WNV_5D4_pBG950_D5,85 ,H,A,DIFF?,diff_H,0
WNV_5D4_pBG950_D5,86 ,H,D,DIFF0,diff_H,0
WNV_5D4_pBG950_D5,87 ,H,T,DIFF0,diff_H,0
WNV_5D4_pBG950_D5,88 ,H,A,DIFF0,diff_H,0
WNV_5D4_pBG950_D5,89 ,H,V,DIFF?,diff_H,0
WNV_5D4_pBG950_D5,90 ,H,Y,DIFF0,diff_H,0
WNV_5D4_pBG950_D5,91 ,H,Y,DIFF0,diff_H,0
WNV_5D4_pBG950_D5,92 ,H,C,DIFF0,diff_H,0
WNV_5D4_pBG950_D5,93 ,H,T,DIFF0,diff_H,0
WNV_5D4_pBG950_D5,94 ,H,N,DIFF0,diff_H,0
WNV_5D4_pBG950_D5,98 ,H,-,DIFF0,diff_H,0
WNV_5D4_pBG950_D5,99 ,H,-,DIFF0,diff_H,0
WNV_5D4_pBG950_D5,100 ,H,-,DIFF0,diff_H,0
WNV_5D4_pBG950_D5,101 ,H,D,DIFF0,diff_H,0
WNV_5D4_pBG950_D5,102 ,H,Y,DIFF0,diff_H,0
WNV_5D4_pBG950_D5,103 ,H,F,DIFF0,diff_H,0
WNV_5D4_pBG950_D5,104 ,H,G,DIFF0,diff_H,0
WNV_5D4_pBG950_D5,105 ,H,Q,DIFF0,diff_H,0
WNV_5D4_pBG950_D5,106 ,H,G,DIFF0,diff_H,0
WNV_5D4_pBG950_D5,107 ,H,V,DIFF0,diff_H,0
WNV_5D4_pBG950_D5,108 ,H,L,DIFF?,diff_H,0
WNV_5D4_pBG950_D5,109 ,H,L,DIFF0,diff_H,0
WNV_5D4_pBG950_D5,110 ,H,T,DIFF0,diff_H,0
WNV_5D4_pBG950_D5,111 ,H,V,DIFF0,diff_H,0
WNV_5D4_pBG950_D5,112 ,H,E,DIFF0,diff_H,0
WNV_5D4_pBG950_D5,113 ,H,-,DIFF0,diff_H,0
