name,position,chain,aa,Region,reference,Score,BLOSUM DIFF SCORE,BLOSUM SCORE
all_green_all_red,1 ,H,E,DIFF0,H,2,2.678571428571429,3.25
all_green_all_red,2 ,H,V,DIFF0,H,2,2.678571428571429,3.25
all_green_all_red,3 ,H,K,DIFF0,H,2,2.678571428571429,3.25
all_green_all_red,4 ,H,L,DIFF0,H,2,2.678571428571429,3.25
all_green_all_red,5 ,H,K,DIFF0,H,2,2.678571428571429,3.25
all_green_all_red,6 ,H,Q,DIFF0,H,2,2.678571428571429,3.25
all_green_all_red,7 ,H,S,DIFF0,H,2,2.678571428571429,3.25
all_green_all_red,8 ,H,G,DIFF0,H,2,2.678571428571429,3.25
all_green_all_red,9 ,H,D,DIFF+,H,2,2.678571428571429,3.25
all_green_all_red,10 ,H,D,DIFF0,H,2,2.678571428571429,3.25
all_green_all_red,11 ,H,L,DIFF0,H,2,2.678571428571429,3.25
all_green_all_red,12 ,H,V,DIFF-,H,2,2.678571428571429,3.25
all_green_all_red,13 ,H,R,DIFF0,H,2,2.678571428571429,3.25
all_green_all_red,14 ,H,P,DIFF0,H,2,2.678571428571429,3.25
all_green_all_red,15 ,H,G,DIFF0,H,2,2.678571428571429,3.25
all_green_all_red,16 ,H,A,DIFF0,H,2,2.678571428571429,3.25
all_green_all_red,17 ,H,T,DIFF+,H,2,2.678571428571429,3.25
all_green_all_red,18 ,H,V,DIFF0,H,2,2.678571428571429,3.25
all_green_all_red,19 ,H,T,DIFF0,H,2,2.678571428571429,3.25
all_green_all_red,20 ,H,L,DIFF0,H,2,2.678571428571429,3.25
all_green_all_red,21 ,H,S,DIFF-,H,2,2.678571428571429,3.25
all_green_all_red,22 ,H,C,DIFF0,H,2,2.678571428571429,3.25
all_green_all_red,23 ,H,K,DIFF0,H,2,2.678571428571429,3.25
all_green_all_red,24 ,H,A,DIFF0,H,2,2.678571428571429,3.25
all_green_all_red,25 ,H,S,DIFF0,H,2,2.678571428571429,3.25
all_green_all_red,26 ,H,G,DIFF0,H,2,2.678571428571429,3.25
all_green_all_red,27 ,H,F,DIFF+,H,2,2.678571428571429,3.25
all_green_all_red,28 ,H,T,DIFF0,H,2,2.678571428571429,3.25
all_green_all_red,29 ,H,F,DIFF0,H,2,2.678571428571429,3.25
all_green_all_red,36 ,H,W,DIFF0,H,2,2.678571428571429,3.25
all_green_all_red,37 ,H,V,DIFF0,H,2,2.678571428571429,3.25
all_green_all_red,38 ,H,K,DIFF0,H,2,2.678571428571429,3.25
all_green_all_red,39 ,H,K,DIFF0,H,2,2.678571428571429,3.25
all_green_all_red,40 ,H,T,DIFF?,H,2,2.678571428571429,3.25
all_green_all_red,41 ,H,P,DIFF0,H,2,2.678571428571429,3.25
all_green_all_red,42 ,H,V,DIFF0,H,2,2.678571428571429,3.25
all_green_all_red,43 ,H,H,DIFF0,H,2,2.678571428571429,3.25
all_green_all_red,44 ,H,G,DIFF-,H,2,2.678571428571429,3.25
all_green_all_red,45 ,H,L,DIFF0,H,2,2.678571428571429,3.25
all_green_all_red,46 ,H,E,DIFF0,H,2,2.678571428571429,3.25
all_green_all_red,56 ,H,D,DIFF0,H,2,2.678571428571429,3.25
all_green_all_red,57 ,H,T,DIFF0,H,2,2.678571428571429,3.25
all_green_all_red,58 ,H,A,DIFF0,H,2,2.678571428571429,3.25
all_green_all_red,59 ,H,Y,DIFF0,H,2,2.678571428571429,3.25
all_green_all_red,60 ,H,N,DIFF0,H,2,2.678571428571429,3.25
all_green_all_red,61 ,H,Q,DIFF0,H,2,2.678571428571429,3.25
all_green_all_red,62 ,H,K,DIFF0,H,2,2.678571428571429,3.25
all_green_all_red,63 ,H,F,DIFF0,H,2,2.678571428571429,3.25
all_green_all_red,64 ,H,K,DIFF+,H,2,2.678571428571429,3.25
all_green_all_red,65 ,H,G,DIFF0,H,2,2.678571428571429,3.25
all_green_all_red,66 ,H,K,DIFF0,H,2,2.678571428571429,3.25
all_green_all_red,67 ,H,A,DIFF0,H,2,2.678571428571429,3.25
all_green_all_red,68 ,H,I,DIFF0,H,2,2.678571428571429,3.25
all_green_all_red,69 ,H,L,DIFF0,H,2,2.678571428571429,3.25
all_green_all_red,70 ,H,T,DIFF0,H,2,2.678571428571429,3.25
all_green_all_red,71 ,H,A,DIFF+,H,2,2.678571428571429,3.25
all_green_all_red,72 ,H,D,DIFF0,H,2,2.678571428571429,3.25
all_green_all_red,72A,H,K,DIFF0,H,2,2.678571428571429,3.25
all_green_all_red,72B,H,S,DIFF0,H,2,2.678571428571429,3.25
all_green_all_red,72C,H,S,DIFF0,H,2,2.678571428571429,3.25
all_green_all_red,73 ,H,S,DIFF0,H,2,2.678571428571429,3.25
all_green_all_red,74 ,H,T,DIFF0,H,2,2.678571428571429,3.25
all_green_all_red,75 ,H,A,DIFF0,H,2,2.678571428571429,3.25
all_green_all_red,76 ,H,Y,DIFF0,H,2,2.678571428571429,3.25
all_green_all_red,77 ,H,M,DIFF0,H,2,2.678571428571429,3.25
all_green_all_red,78 ,H,E,DIFF0,H,2,2.678571428571429,3.25
all_green_all_red,79 ,H,L,DIFF?,H,2,2.678571428571429,3.25
all_green_all_red,80 ,H,R,DIFF0,H,2,2.678571428571429,3.25
all_green_all_red,81 ,H,S,DIFF0,H,2,2.678571428571429,3.25
all_green_all_red,82 ,H,L,DIFF0,H,2,2.678571428571429,3.25
all_green_all_red,83 ,H,T,DIFF0,H,2,2.678571428571429,3.25
all_green_all_red,84 ,H,S,DIFF0,H,2,2.678571428571429,3.25
all_green_all_red,85 ,H,E,DIFF-,H,2,2.678571428571429,3.25
all_green_all_red,86 ,H,D,DIFF0,H,2,2.678571428571429,3.25
all_green_all_red,87 ,H,S,DIFF0,H,2,2.678571428571429,3.25
all_green_all_red,88 ,H,A,DIFF0,H,2,2.678571428571429,3.25
all_green_all_red,89 ,H,T,DIFF+,H,2,2.678571428571429,3.25
all_green_all_red,90 ,H,Y,DIFF0,H,2,2.678571428571429,3.25
all_green_all_red,91 ,H,Y,DIFF0,H,2,2.678571428571429,3.25
all_green_all_red,92 ,H,C,DIFF0,H,2,2.678571428571429,3.25
all_green_all_red,93 ,H,T,DIFF0,H,2,2.678571428571429,3.25
all_green_all_red,94 ,H,N,DIFF0,H,2,2.678571428571429,3.25
all_green_all_red,98 ,H,-,DIFF0,H,2,2.678571428571429,3.25
all_green_all_red,99 ,H,-,DIFF0,H,2,2.678571428571429,3.25
all_green_all_red,100 ,H,-,DIFF0,H,2,2.678571428571429,3.25
all_green_all_red,101 ,H,D,DIFF0,H,2,2.678571428571429,3.25
all_green_all_red,102 ,H,Y,DIFF0,H,2,2.678571428571429,3.25
all_green_all_red,103 ,H,W,DIFF0,H,2,2.678571428571429,3.25
all_green_all_red,104 ,H,G,DIFF0,H,2,2.678571428571429,3.25
all_green_all_red,105 ,H,Q,DIFF0,H,2,2.678571428571429,3.25
all_green_all_red,106 ,H,G,DIFF0,H,2,2.678571428571429,3.25
all_green_all_red,107 ,H,T,DIFF0,H,2,2.678571428571429,3.25
all_green_all_red,108 ,H,T,DIFF?,H,2,2.678571428571429,3.25
all_green_all_red,109 ,H,L,DIFF0,H,2,2.678571428571429,3.25
all_green_all_red,110 ,H,T,DIFF0,H,2,2.678571428571429,3.25
all_green_all_red,111 ,H,V,DIFF0,H,2,2.678571428571429,3.25
all_green_all_red,112 ,H,S,DIFF0,H,2,2.678571428571429,3.25
all_green_all_red,113 ,H,S,DIFF0,H,2,2.678571428571429,3.25
all_green_red_to_alanine,1 ,H,E,DIFF0,H,6,4.9452380952380945,5.516666666666667
all_green_red_to_alanine,2 ,H,V,DIFF0,H,6,4.9452380952380945,5.516666666666667
all_green_red_to_alanine,3 ,H,K,DIFF0,H,6,4.9452380952380945,5.516666666666667
all_green_red_to_alanine,4 ,H,L,DIFF0,H,6,4.9452380952380945,5.516666666666667
all_green_red_to_alanine,5 ,H,K,DIFF0,H,6,4.9452380952380945,5.516666666666667
all_green_red_to_alanine,6 ,H,Q,DIFF0,H,6,4.9452380952380945,5.516666666666667
all_green_red_to_alanine,7 ,H,S,DIFF0,H,6,4.9452380952380945,5.516666666666667
all_green_red_to_alanine,8 ,H,G,DIFF0,H,6,4.9452380952380945,5.516666666666667
all_green_red_to_alanine,9 ,H,D,DIFF+,H,6,4.9452380952380945,5.516666666666667
all_green_red_to_alanine,10 ,H,D,DIFF0,H,6,4.9452380952380945,5.516666666666667
all_green_red_to_alanine,11 ,H,L,DIFF0,H,6,4.9452380952380945,5.516666666666667
all_green_red_to_alanine,12 ,H,A,DIFF?,H,6,4.9452380952380945,5.516666666666667
all_green_red_to_alanine,13 ,H,R,DIFF0,H,6,4.9452380952380945,5.516666666666667
all_green_red_to_alanine,14 ,H,P,DIFF0,H,6,4.9452380952380945,5.516666666666667
all_green_red_to_alanine,15 ,H,G,DIFF0,H,6,4.9452380952380945,5.516666666666667
all_green_red_to_alanine,16 ,H,A,DIFF0,H,6,4.9452380952380945,5.516666666666667
all_green_red_to_alanine,17 ,H,T,DIFF+,H,6,4.9452380952380945,5.516666666666667
all_green_red_to_alanine,18 ,H,V,DIFF0,H,6,4.9452380952380945,5.516666666666667
all_green_red_to_alanine,19 ,H,T,DIFF0,H,6,4.9452380952380945,5.516666666666667
all_green_red_to_alanine,20 ,H,L,DIFF0,H,6,4.9452380952380945,5.516666666666667
all_green_red_to_alanine,21 ,H,A,DIFF?,H,6,4.9452380952380945,5.516666666666667
all_green_red_to_alanine,22 ,H,C,DIFF0,H,6,4.9452380952380945,5.516666666666667
all_green_red_to_alanine,23 ,H,K,DIFF0,H,6,4.9452380952380945,5.516666666666667
all_green_red_to_alanine,24 ,H,A,DIFF0,H,6,4.9452380952380945,5.516666666666667
all_green_red_to_alanine,25 ,H,S,DIFF0,H,6,4.9452380952380945,5.516666666666667
all_green_red_to_alanine,26 ,H,G,DIFF0,H,6,4.9452380952380945,5.516666666666667
all_green_red_to_alanine,27 ,H,F,DIFF+,H,6,4.9452380952380945,5.516666666666667
all_green_red_to_alanine,28 ,H,T,DIFF0,H,6,4.9452380952380945,5.516666666666667
all_green_red_to_alanine,29 ,H,F,DIFF0,H,6,4.9452380952380945,5.516666666666667
all_green_red_to_alanine,36 ,H,W,DIFF0,H,6,4.9452380952380945,5.516666666666667
all_green_red_to_alanine,37 ,H,V,DIFF0,H,6,4.9452380952380945,5.516666666666667
all_green_red_to_alanine,38 ,H,K,DIFF0,H,6,4.9452380952380945,5.516666666666667
all_green_red_to_alanine,39 ,H,K,DIFF0,H,6,4.9452380952380945,5.516666666666667
all_green_red_to_alanine,40 ,H,T,DIFF?,H,6,4.9452380952380945,5.516666666666667
all_green_red_to_alanine,41 ,H,P,DIFF0,H,6,4.9452380952380945,5.516666666666667
all_green_red_to_alanine,42 ,H,V,DIFF0,H,6,4.9452380952380945,5.516666666666667
all_green_red_to_alanine,43 ,H,H,DIFF0,H,6,4.9452380952380945,5.516666666666667
all_green_red_to_alanine,44 ,H,A,DIFF?,H,6,4.9452380952380945,5.516666666666667
all_green_red_to_alanine,45 ,H,L,DIFF0,H,6,4.9452380952380945,5.516666666666667
all_green_red_to_alanine,46 ,H,E,DIFF0,H,6,4.9452380952380945,5.516666666666667
all_green_red_to_alanine,56 ,H,D,DIFF0,H,6,4.9452380952380945,5.516666666666667
all_green_red_to_alanine,57 ,H,T,DIFF0,H,6,4.9452380952380945,5.516666666666667
all_green_red_to_alanine,58 ,H,A,DIFF0,H,6,4.9452380952380945,5.516666666666667
all_green_red_to_alanine,59 ,H,Y,DIFF0,H,6,4.9452380952380945,5.516666666666667
all_green_red_to_alanine,60 ,H,N,DIFF0,H,6,4.9452380952380945,5.516666666666667
all_green_red_to_alanine,61 ,H,Q,DIFF0,H,6,4.9452380952380945,5.516666666666667
all_green_red_to_alanine,62 ,H,K,DIFF0,H,6,4.9452380952380945,5.516666666666667
all_green_red_to_alanine,63 ,H,F,DIFF0,H,6,4.9452380952380945,5.516666666666667
all_green_red_to_alanine,64 ,H,K,DIFF+,H,6,4.9452380952380945,5.516666666666667
all_green_red_to_alanine,65 ,H,G,DIFF0,H,6,4.9452380952380945,5.516666666666667
all_green_red_to_alanine,66 ,H,K,DIFF0,H,6,4.9452380952380945,5.516666666666667
all_green_red_to_alanine,67 ,H,A,DIFF0,H,6,4.9452380952380945,5.516666666666667
all_green_red_to_alanine,68 ,H,I,DIFF0,H,6,4.9452380952380945,5.516666666666667
all_green_red_to_alanine,69 ,H,L,DIFF0,H,6,4.9452380952380945,5.516666666666667
all_green_red_to_alanine,70 ,H,T,DIFF0,H,6,4.9452380952380945,5.516666666666667
all_green_red_to_alanine,71 ,H,A,DIFF+,H,6,4.9452380952380945,5.516666666666667
all_green_red_to_alanine,72 ,H,D,DIFF0,H,6,4.9452380952380945,5.516666666666667
all_green_red_to_alanine,72A,H,K,DIFF0,H,6,4.9452380952380945,5.516666666666667
all_green_red_to_alanine,72B,H,S,DIFF0,H,6,4.9452380952380945,5.516666666666667
all_green_red_to_alanine,72C,H,S,DIFF0,H,6,4.9452380952380945,5.516666666666667
all_green_red_to_alanine,73 ,H,S,DIFF0,H,6,4.9452380952380945,5.516666666666667
all_green_red_to_alanine,74 ,H,T,DIFF0,H,6,4.9452380952380945,5.516666666666667
all_green_red_to_alanine,75 ,H,A,DIFF0,H,6,4.9452380952380945,5.516666666666667
all_green_red_to_alanine,76 ,H,Y,DIFF0,H,6,4.9452380952380945,5.516666666666667
all_green_red_to_alanine,77 ,H,M,DIFF0,H,6,4.9452380952380945,5.516666666666667
all_green_red_to_alanine,78 ,H,E,DIFF0,H,6,4.9452380952380945,5.516666666666667
all_green_red_to_alanine,79 ,H,L,DIFF?,H,6,4.9452380952380945,5.516666666666667
all_green_red_to_alanine,80 ,H,R,DIFF0,H,6,4.9452380952380945,5.516666666666667
all_green_red_to_alanine,81 ,H,S,DIFF0,H,6,4.9452380952380945,5.516666666666667
all_green_red_to_alanine,82 ,H,L,DIFF0,H,6,4.9452380952380945,5.516666666666667
all_green_red_to_alanine,83 ,H,T,DIFF0,H,6,4.9452380952380945,5.516666666666667
all_green_red_to_alanine,84 ,H,S,DIFF0,H,6,4.9452380952380945,5.516666666666667
all_green_red_to_alanine,85 ,H,A,DIFF?,H,6,4.9452380952380945,5.516666666666667
all_green_red_to_alanine,86 ,H,D,DIFF0,H,6,4.9452380952380945,5.516666666666667
all_green_red_to_alanine,87 ,H,S,DIFF0,H,6,4.9452380952380945,5.516666666666667
all_green_red_to_alanine,88 ,H,A,DIFF0,H,6,4.9452380952380945,5.516666666666667
all_green_red_to_alanine,89 ,H,T,DIFF+,H,6,4.9452380952380945,5.516666666666667
all_green_red_to_alanine,90 ,H,Y,DIFF0,H,6,4.9452380952380945,5.516666666666667
all_green_red_to_alanine,91 ,H,Y,DIFF0,H,6,4.9452380952380945,5.516666666666667
all_green_red_to_alanine,92 ,H,C,DIFF0,H,6,4.9452380952380945,5.516666666666667
all_green_red_to_alanine,93 ,H,T,DIFF0,H,6,4.9452380952380945,5.516666666666667
all_green_red_to_alanine,94 ,H,N,DIFF0,H,6,4.9452380952380945,5.516666666666667
all_green_red_to_alanine,98 ,H,-,DIFF0,H,6,4.9452380952380945,5.516666666666667
all_green_red_to_alanine,99 ,H,-,DIFF0,H,6,4.9452380952380945,5.516666666666667
all_green_red_to_alanine,100 ,H,-,DIFF0,H,6,4.9452380952380945,5.516666666666667
all_green_red_to_alanine,101 ,H,D,DIFF0,H,6,4.9452380952380945,5.516666666666667
all_green_red_to_alanine,102 ,H,Y,DIFF0,H,6,4.9452380952380945,5.516666666666667
all_green_red_to_alanine,103 ,H,W,DIFF0,H,6,4.9452380952380945,5.516666666666667
all_green_red_to_alanine,104 ,H,G,DIFF0,H,6,4.9452380952380945,5.516666666666667
all_green_red_to_alanine,105 ,H,Q,DIFF0,H,6,4.9452380952380945,5.516666666666667
all_green_red_to_alanine,106 ,H,G,DIFF0,H,6,4.9452380952380945,5.516666666666667
all_green_red_to_alanine,107 ,H,T,DIFF0,H,6,4.9452380952380945,5.516666666666667
all_green_red_to_alanine,108 ,H,T,DIFF?,H,6,4.9452380952380945,5.516666666666667
all_green_red_to_alanine,109 ,H,L,DIFF0,H,6,4.9452380952380945,5.516666666666667
all_green_red_to_alanine,110 ,H,T,DIFF0,H,6,4.9452380952380945,5.516666666666667
all_green_red_to_alanine,111 ,H,V,DIFF0,H,6,4.9452380952380945,5.516666666666667
all_green_red_to_alanine,112 ,H,S,DIFF0,H,6,4.9452380952380945,5.516666666666667
all_green_red_to_alanine,113 ,H,S,DIFF0,H,6,4.9452380952380945,5.516666666666667
